,Rank,Position,Name,BR,DT,ESPN,FOX,NFL,PFF,SBN,WF,Yahoo,SD,Avg
0,1,ED,Myles Garrett,1,1,1,1,1,1,1,1,1,0.0,1.00
1,2,S,Jamal Adams,4,3,2,7,12,6,3,5,5,3.0,5.22
2,3,IDL,Jonathan Allen,8,10,5,3,11,2,2,4,6,3.4,5.67
3,4,CB,Marshon Lattimore,10,6,6,4,5,4,5,11,4,2.6,6.11
4,5,ED,Solomon Thomas,5,2,3,5,4,10,6,19,3,5.3,6.33
5,6,RB,Leonard Fournette,2,5,4,13,2,23,8,3,2,7.0,6.89
6,7,S,Malik Hooker,6,4,10,15,8,8,4,2,7,3.9,7.11
7,8,TE,O.J. Howard,7,8,7,2,7,18,12,6,10,4.5,8.56
8,9,LB,Reuben Foster,3,15,8,6,18,5,9,29,8,8.2,11.22
9,10,WR,Mike Williams,12,9,12,9,13,11,10,13,14,1.8,11.44
10,11,LB,Haason Reddick,16,18,11,11,15,20,19,–,12,3.6,15.25
11,12,WR,Corey Davis,15,14,15,10,30,7,11,30,13,8.3,16.11
12,13,QB,Mitchell Trubisky,14,12,27,16,3,13,15,38,16,10.0,17.11
13,14,RB,Dalvin Cook,43,20,17,23,9,9,7,7,20,11.5,17.22
14,15,ED,Derek Barnett,25,7,13,24,33,3,13,21,18,9.4,17.44
15,16,RB JR.,Christian McCaffrey,19,13,9,17,36,16,22,17,9,8.2,17.56
16,17,WR,John Ross,24,16,20,12,21,19,20,20,15,3.6,18.56
17,18,TE,David Njoku,13,27,14,21,16,31,29,16,19,6.8,20.67
18,19,ED,Taco Charlton,21,25,38,18,10,28,25,8,24,9.2,21.89
19,20,OT,Ryan Ramczyk,26,19,30,19,23,22,18,25,23,3.9,22.78
20,21,CB,Gareon Conley,11,29,–,35,41,35,28,12,11,12.2,25.25
21,22,ED,Charles Harris,17,31,18,32,29,36,31,9,26,8.8,25.44
22,23,OG,Forrest Lamp,20,30,16,14,26,27,21,56,21,12.5,25.67
23,24,QB,Deshaun Watson,22,26,28,20,14,17,14,88,17,23.3,27.33
24,25,CB,Marlon Humphrey,39,39,23,28,28,25,24,10,33,8.9,27.67
25,26,OT,Garett Bolles,23,22,34,22,32,61,32,22,22,12.7,30.00
26,27,IDL,Malik McDowell,50,21,41,26,17,21,23,36,38,11.3,30.33
27,28,S,Jabrill Peppers,33,11,48,29,24,45,16,39,30,12.4,30.56
28,29,OT,Cam Robinson,27,35,19,31,22,55,40,18,29,11.7,30.67
29,30,CB,Tre'Davious White,31,37,26,50,20,12,30,55,27,13.6,32.00
30,31,ED,Takkarist McKinley,30,24,24,34,25,47,17,64,25,14.6,32.22
31,32,LB,Jarrad Davis,32,48,25,44,39,38,45,15,36,10.5,35.78
32,33,CB,Quincy Wilson,9,17,31,27,66,60,48,35,32,18.8,36.11
33,34,CB,Sidney Jones,35,57,65,38,6,33,34,23,45,17.4,37.33
34,35,RB,Alvin Kamara,28,62,40,43,27,44,41,37,31,10.7,39.22
35,36,RB,Joe Mixon,18,84,47,8,35,34,61,–,34,24.0,40.13
36,37,LB,Zach Cunningham,52,53,53,36,40,30,27,24,48,11.7,40.33
37,38,QB,DeShone Kizer,41,38,54,25,51,65,33,31,28,13.4,40.67
38,39,TE,Evan Engram,36,34,21,67,38,58,44,44,37,13.6,42.11
39,40,LB,T.J. Watt,42,43,37,58,44,41,42,26,47,8.4,42.22
40,41,ED,Tim Williams,75,46,60,39,19,26,26,43,46,17.7,42.22
41,42,CB,Adoree' Jackson,57,45,29,55,54,37,51,14,40,14.2,42.44
42,43,QB,Patrick Mahomes,37,23,44,100,50,29,36,33,39,22.6,43.44
43,44,S,Budda Baker,29,28,39,40,61,83,38,58,35,18.1,45.67
44,45,CB,Teez Tabor,76,65,61,30,34,40,39,28,63,17.8,48.44
45,46,S,Obi Melifonwu,91,33,46,53,77,32,35,32,41,21.4,48.89
46,47,IDL,Caleb Brantley,67,–,–,54,31,53,56,45,42,11.5,49.71
47,48,CB,Kevin King,40,32,22,46,118,51,57,48,51,27.1,51.67
48,49,CB,Chidobe Awuzie,34,40,49,41,95,50,52,–,54,18.7,51.88
49,50,IDL,Chris Wormley,38,36,56,63,64,75,46,41,62,13.7,53.44
50,51,WR,Zay Jones,45,51,32,57,83,52,60,62,56,13.8,55.33
51,52,ED,Jordan Willis,63,71,45,42,67,15,58,82,59,19.6,55.78
52,53,S,Marcus Williams,60,44,52,78,42,62,59,57,57,10.6,56.78
53,54,ED,Carl Lawson,82,41,101,37,79,14,37,–,71,29.6,57.75
54,55,S,Marcus Maye,44,58,36,69,49,123,–,34,65,28.6,59.75
55,56,WR,Curtis Samuel,55,47,42,99,72,78,50,53,43,19.2,59.89
56,57,TE,Gerald Everett,85,69,96,62,37,56,95,27,53,24.3,64.44
57,58,S,Justin Evans,69,100,92,64,56,42,–,42,55,21.4,65.00
58,59,OG,Dan Feeney,70,54,57,81,93,68,43,71,50,15.8,65.22
59,60,CB,Desmond King,78,87,77,33,81,64,62,61,49,17.2,65.78
60,61,LB,Ryan Anderson,68,89,55,47,62,126,53,60,44,25.8,67.11
61,62,CB,Jourdan Lewis,123,76,35,73,78,24,79,52,–,30.7,67.50
62,63,OG,Dion Dawkins,72,50,50,45,59,108,65,91,68,20.6,67.56
63,64,WR,JuJu Smith-Schuster,77,64,51,77,47,113,67,54,58,20.1,67.56
64,65,S,Josh Jones,47,70,43,56,52,174,49,–,52,43.6,67.88
65,66,CB,Cordrea Tankersley,51,80,138,49,45,39,76,66,83,30.3,69.67
66,67,IDL,Dalvin Tomlinson,59,55,75,51,104,59,77,–,87,18.3,70.88
67,68,OT,Taylor Moton,87,59,62,59,76,54,73,86,91,14.0,71.89
68,69,WR,Cooper Kupp,46,61,64,85,80,92,69,94,66,15.9,73.00
69,70,C,Pat Elflein,71,68,76,–,57,118,63,–,64,20.4,73.86
70,71,LB,Raekwon McMillan,49,52,78,93,113,94,55,76,60,22.3,74.44
71,72,ED,DeMarcus Walker,109,42,59,83,99,67,86,51,94,23.0,76.67
72,73,C,Ethan Pocic,92,79,81,82,74,49,96,–,70,14.5,77.88
73,74,CB,Ahkello Witherspoon,137,95,85,70,65,48,–,50,–,30.9,78.57
74,75,IDL,Montravius Adams,66,49,102,52,141,93,70,59,78,29.3,78.89
75,76,TE,Bucky Hodges,53,120,107,75,55,88,82,67,73,22.3,80.00
76,77,TE,Jake Butt,84,78,67,88,60,110,–,70,89,15.7,80.75
77,78,WR,ArDarius Stewart,56,94,87,91,46,117,78,84,75,20.9,80.89
78,79,CB,Fabian Moreau,65,63,68,–,111,148,54,65,74,32.0,81.00
79,80,ED,Derek Rivers,62,60,70,86,159,76,47,–,95,34.6,81.88
80,81,TE,Adam Shaheen,80,56,58,92,71,151,71,–,77,30.2,82.00
81,82,OG,Dorian Johnson,73,73,89,61,53,147,80,–,–,30.9,82.29
82,83,QB,Nathan Peterman,81,83,69,94,48,105,–,–,96,19.1,82.29
83,84,RB,D'Onta Foreman,54,111,103,71,91,86,98,46,81,21.9,82.33
84,85,WR,Chris Godwin,79,81,106,96,88,73,–,75,67,12.9,83.13
85,86,IDL,Larry Ogunjobi,83,72,73,72,75,127,83,–,–,19.7,83.57
86,87,LB,Tyus Bowser,48,67,33,48,136,194,72,–,80,54.0,84.75
87,88,WR,Taywan Taylor,96,91,80,–,68,84,–,–,90,10.0,84.83
88,89,ED,Tarell Basham,88,74,74,68,139,90,66,–,–,25.3,85.57
89,90,CB,Rasul Douglas,98,102,105,–,58,85,91,78,85,15.2,87.75
90,91,CB,Cam Sutton,111,92,94,60,69,87,97,–,93,16.2,87.88
91,92,OT,Antonio Garcia,115,86,82,66,90,109,68,90,86,16.2,88.00
92,93,ED,Tanoh Kpassagnon,106,104,91,80,117,102,90,47,76,20.8,90.33
93,94,LB,Duke Riley,58,93,66,84,160,–,–,–,–,40.4,92.20
94,95,RB,Kareem Hunt,90,130,86,–,124,57,64,96,–,27.5,92.43
95,96,IDL,Carlos Watkins,102,99,104,65,98,136,75,73,–,22.7,94.00
96,97,IDL,Jaleel Johnson,103,96,109,74,86,112,99,89,–,12.6,96.00
97,98,RB,Samaje Perine,101,137,71,89,109,100,85,93,84,18.8,96.56
98,99,WR,Carlos Henderson,61,98,108,–,128,111,–,–,82,23.6,98.00
99,100,WR,Chad Hansen,133,97,163,–,87,95,74,68,79,32.5,99.50
100,101,ED,Dawuane Smoot,145,128,90,–,149,74,81,40,–,40.7,101.00
101,102,OT,Roderick Johnson,116,77,150,95,122,72,87,–,–,28.0,102.71
102,103,LB,Alex Anzalone,89,90,72,76,96,199,–,–,–,47.6,103.67
103,104,S,John Johnson,108,146,97,–,85,–,–,–,88,24.7,104.80
104,105,WR,Dede Westbrook,198,101,188,79,43,43,100,99,97,54.8,105.33
105,106,WR,Josh Reynolds,86,124,130,–,73,120,–,–,–,25.4,106.60
106,107,IDL,Eddie Vanderdoes,128,106,149,90,102,96,88,–,–,22.3,108.43
107,108,QB,Davis Webb,64,75,95,–,211,201,84,95,61,60.2,110.75
108,109,ED,Trey Hendrickson,141,161,83,–,127,69,–,–,100,35.5,113.50
109,110,ED,Daeshon Hall,94,122,93,–,130,196,–,98,72,40.6,115.00
110,111,CB,Shaquill Griffin,112,85,127,–,181,89,–,–,98,35.7,115.33
111,112,IDL,Davon Godchaux,95,66,–,–,183,169,–,72,–,55.2,117.00
112,113,QB,Brad Kaaya,99,141,116,–,120,115,–,–,–,15.1,118.20
113,114,IDL,Elijah Qualls,127,108,141,–,108,107,–,–,–,15.3,118.20
114,115,TE,Jordan Leggett,140,113,79,–,116,244,93,69,92,55.6,118.25
115,116,LB,Anthony Walker Jr.,93,118,121,–,101,161,–,–,–,26.3,118.80
116,117,RB,Jeremy McNichols,120,157,153,98,112,121,–,77,–,28.4,119.71
117,118,LB,Blair Brown,100,144,110,–,135,119,–,–,–,18.0,121.60
118,119,CB,Damontae Kazee,138,143,84,–,119,125,–,–,–,23.2,121.80
119,120,WR,Amara Darboh,132,82,112,–,132,156,–,–,–,27.6,122.80
120,121,CB,Corn Elder,129,151,137,97,189,66,94,–,–,41.1,123.29
121,122,LB,Kendell Beckwith,97,131,88,87,138,245,–,97,–,56.2,126.14
122,123,OT,Zach Banner,113,167,114,–,94,143,–,–,–,28.8,126.20
123,124,S,Tedric Thompson,105,133,267,–,105,82,–,–,69,72.1,126.83
124,125,OG,Nico Siragusa,142,129,119,–,106,140,–,–,–,15.0,127.20
125,126,ED,Carroll Phillips,146,110,172,–,163,–,–,49,–,50.1,128.00
126,127,RB,Marlon Mack,134,119,148,–,114,131,–,–,–,13.4,129.20
127,128,TE,George Kittle,126,156,123,–,172,70,–,–,–,39.1,129.40
128,129,IDL,Vincent Taylor,162,127,151,–,147,63,–,–,–,39.5,130.00
129,130,IDL,Nazair Jones,119,114,200,–,121,141,–,87,–,38.3,130.33
130,131,WR,Mack Hollins,166,174,100,–,125,101,–,–,–,35.2,133.20
131,132,WR,Isaiah Ford,149,116,218,–,92,97,–,–,–,51.8,134.40
132,133,OG,Isaac Asiata,114,88,129,–,140,203,–,–,–,42.8,134.80
133,134,CB,Howard Wilson,171,155,133,–,97,133,–,–,–,27.9,137.80
134,135,TE,Jeremy Sprinkle,131,189,170,–,70,146,–,–,–,45.6,141.20
135,136,LB,Devonte' Fields,–,–,–,–,143,–,–,–,–,–,143.00
136,137,ED,Ejuan Price,187,–,197,–,162,80,92,–,–,54.3,143.60
137,138,WR,Josh Malone,121,123,111,–,227,150,–,–,–,47.3,146.40
138,139,WR,Malachi Dupre,201,139,113,–,190,166,–,74,–,48.3,147.17
139,140,IDL,Tanzel Smart,154,204,146,–,151,81,–,–,–,43.8,147.20
140,141,OT,Adam Bisnowaty,167,140,160,–,137,197,89,–,–,36.3,148.33
141,142,IDL,D.J. Jones,144,195,162,–,84,165,–,–,–,41.2,150.00
142,143,IDL,Ryan Glasgow,184,138,132,–,184,114,–,–,–,31.9,150.40
143,144,S,Xavier Woods,117,149,–,–,261,77,–,–,–,79.0,151.00
144,145,RB,James Conner,125,177,122,–,195,144,–,–,–,32.3,152.60
145,146,QB,Joshua Dobbs,124,134,63,–,301,200,–,–,99,85.2,153.50
146,147,RB,Wayne Gallman,160,154,166,–,186,175,–,80,–,37.7,153.50
147,148,OT,Julien Davenport,107,135,128,–,245,–,–,–,–,62.0,153.75
148,149,IDL,Mikal Myers,–,–,–,–,–,154,–,–,–,–,154.00
149,150,C,Tyler Orlosky,186,103,155,–,164,164,–,–,–,30.9,154.40
150,151,RB,Brian Hill,122,173,189,–,177,191,–,79,–,45.0,155.17
151,152,LB,Vince Biegel,74,215,135,–,254,98,–,–,–,76.8,155.20
152,153,S,Rayshawn Jenkins,150,136,161,–,175,–,–,–,–,16.5,155.50
153,154,S,Delano Hill,152,176,203,–,–,91,–,–,–,47.8,155.50
154,155,OG,Danny Isidora,104,112,214,–,232,116,–,–,–,62.0,155.60
155,156,ED,Deatrich Wise Jr.,188,206,176,–,144,71,–,–,–,53.1,157.00
156,157,OG,Fred Zerblis,–,–,–,–,–,157,–,–,–,–,157.00
157,158,RB,Jamaal Williams,165,164,143,–,208,106,–,–,–,37.1,157.20
158,159,IDL,Jarron Jones,202,169,174,–,82,226,–,92,–,58.4,157.50
159,160,OT,Eric Smith,–,–,–,–,–,158,–,–,–,–,158.00
160,161,S,Lorenzo Jerome,169,250,98,–,123,–,–,–,–,66.8,160.00
161,162,IDL,Omarius Bryant,–,–,–,–,–,163,–,–,–,–,163.00
162,163,WR,Noah Brown,135,224,226,–,134,181,–,81,–,57.2,163.50
163,164,WR,KD Cannon,159,147,124,–,249,145,–,–,–,48.7,164.80
164,165,OT,Will Holden,147,145,131,–,126,281,–,–,–,64.9,166.00
165,166,IDL,Charles Walker,203,235,204,–,100,170,–,85,–,60.8,166.17
166,167,WR,Jehu Chesson,136,148,159,–,199,190,–,–,–,27.1,166.40
167,168,WR,Travis Rudolph,189,117,253,–,107,–,–,–,–,68.3,166.50
168,169,WR,Shelton Gibson,172,368,142,–,89,–,–,63,–,120.4,166.80
169,170,C,Leo Koloamatangi,–,–,–,–,–,167,–,–,–,–,167.00
170,171,S,Nathan Gerry,212,–,192,–,–,99,–,–,–,60.3,167.67
171,172,S,Eddie Jackson,208,233,145,–,176,79,–,–,–,59.9,168.20
172,173,WR,Ryan Switzer,110,209,139,–,214,171,–,–,–,44.7,168.60
173,174,LB,Jalen Reeves-Maybin,139,150,193,–,161,207,–,–,–,28.9,170.00
174,175,WR,Ishmael Zamora,158,–,–,–,205,149,–,–,–,30.1,170.67
175,176,OT,David Sharpe,143,125,168,–,153,266,–,–,–,55.4,171.00
176,177,OG,Jessamen Dunker,164,121,164,–,243,–,–,–,–,50.9,173.00
177,178,TE,Jonnu Smith,161,165,126,–,150,271,–,–,–,56.0,174.60
178,179,CB,Brendan Langley,232,234,136,–,171,–,–,100,–,58.9,174.60
179,180,IDL,Stevie Tu'Ikolovatu,231,262,125,–,103,153,–,–,–,68.7,174.80
180,181,TE,Michael Roberts,168,210,173,–,158,173,–,–,–,19.8,176.40
181,182,WR,Tanner Gentry,–,–,–,–,–,177,–,–,–,–,177.00
182,183,LB,Dylan Cole,179,193,–,–,–,160,–,–,–,16.6,177.33
183,184,RB,Matthew Dayes,163,181,140,–,192,227,–,–,–,32.6,180.60
184,185,WR,Travin Dural,148,214,206,–,131,205,–,–,–,38.3,180.80
185,186,C,Jon Toth,209,252,169,–,146,132,–,–,–,49.0,181.60
186,187,WR,Kenny Golladay,156,162,201,–,182,215,–,–,–,25.1,183.20
187,188,OG,Jordan Morgan,211,153,205,–,167,–,–,–,–,28.4,184.00
188,189,RB,Donnel Pumphrey,216,188,115,–,222,179,–,–,–,42.6,184.00
189,190,CB,Nate Hairston,215,199,144,–,180,–,–,–,–,30.6,184.50
190,191,CB,Najee Murray,–,–,–,–,–,186,–,–,–,–,186.00
191,192,LB,Ben Gedeon,181,178,99,–,298,187,–,–,–,71.0,188.60
192,193,ED,Avery Moss,193,–,241,–,166,159,–,–,–,37.2,189.75
193,194,OT,Aviante Collins,230,179,154,–,196,–,–,–,–,31.9,189.75
194,195,S,Jadar Johnson,170,207,171,–,174,240,–,–,–,30.7,192.40
195,196,LB,Jordan Evans,260,–,–,–,187,138,–,–,–,61.4,195.00
196,197,IDL,Casey Sayles,–,–,–,–,–,195,–,–,–,–,195.00
197,198,RB,T.J. Logan,182,201,158,–,228,212,–,–,–,27.1,196.20
198,199,LB,Connor Harris,176,159,271,–,179,–,–,–,–,50.6,196.25
199,200,CB,Will Likely,153,259,259,–,115,–,–,–,–,73.8,196.50
200,201,C,Chase Roullier,183,346,195,–,156,103,–,–,–,90.7,196.60
201,202,S,Josh Harvey-Clemons,263,218,177,–,129,–,–,–,–,57.2,196.75
202,203,ED,Josh Carraway,240,192,157,–,200,–,–,–,–,34.1,197.25
203,204,IDL,Isaac Rochell,229,190,181,–,157,232,–,–,–,32.2,197.80
204,205,CB,Arian Penton,–,–,–,–,–,198,–,–,–,–,198.00
205,206,WR,Artavis Scott,197,182,261,–,154,–,–,–,–,45.3,198.50
206,207,OT,Jermaine Eluemunor,223,200,117,–,188,265,–,–,–,54.3,198.60
207,208,WR,Damore'ea Stringfellow,254,246,247,–,148,218,–,83,–,69.2,199.33
208,209,CB,Marquez White,236,172,165,–,209,216,–,–,–,30.2,199.60
209,210,LB,Elijah Lee,175,132,322,–,170,–,–,–,–,83.7,199.75
210,211,OT,Chad Wheeler,196,109,210,–,210,275,–,–,–,59.4,200.00
211,212,LB,Jayon Brown,118,196,–,–,336,155,–,–,–,95.3,201.25
212,213,ED,Joe Mathis,130,372,–,–,257,46,–,–,–,143.1,201.25
213,214,C,J.J. Dielman,241,107,260,–,–,–,–,–,–,83.4,202.67
214,215,ED,Ifeadi Odenigbo,205,–,199,–,165,246,–,–,–,33.2,203.75
215,216,IDL,Darius Hamilton,–,–,–,–,–,206,–,–,–,–,206.00
216,217,C,Kyle Fuller,221,115,198,–,239,259,–,–,–,55.8,206.40
217,218,CB,Jalen Myrick,177,175,249,–,280,152,–,–,–,54.9,206.60
218,219,ED,Devonte Fields,271,152,185,–,–,220,–,–,–,50.9,207.00
219,220,QB,Chad Kelly,185,170,328,–,173,189,–,–,–,67.0,209.00
220,221,ED,Praise Martin-Oguike,–,–,209,–,–,–,–,–,–,–,209.00
221,222,OT,Collin Buchanon,210,–,–,–,–,–,–,–,–,–,210.00
222,223,LB,Keion Adams,219,171,–,–,203,247,–,–,–,31.7,210.00
223,224,CB,Channing Stribling,225,197,276,–,215,139,–,–,–,49.5,210.40
224,225,ED,Bryan Cox,204,227,219,–,194,–,–,–,–,14.8,211.00
225,226,OG,Damien Mama,222,307,175,–,169,192,–,–,–,56.4,213.00
226,227,LB,Matt Milano,207,217,229,–,168,252,–,–,–,31.0,214.60
227,228,WR,Stacy Coley,235,203,228,–,197,–,–,–,–,18.6,215.75
228,229,P,Austin Rehkow,–,211,–,–,221,–,–,–,–,7.1,216.00
229,230,TE,Eric Saubert,285,238,187,–,155,–,–,–,–,57.2,216.25
230,231,OG,Sean Harlow,243,160,180,–,295,208,–,–,–,53.5,217.20
231,232,RB,Joe Williams,200,316,184,–,145,242,–,–,–,65.2,217.40
232,233,RB,Tarik Cohen,173,221,246,–,198,250,–,–,–,32.6,217.60
233,234,ED,Samson Ebukam,269,–,–,–,242,142,–,–,–,66.9,217.67
234,235,OT,Conor McDermott,309,166,191,–,324,104,–,–,–,94.8,218.80
235,236,OT,Collin Buchanan,–,230,244,–,133,269,–,–,–,59.6,219.00
236,237,LB,Marquel Lee,178,202,268,–,229,–,–,–,–,38.6,219.25
237,238,RB,De'Angelo Henderson,217,194,234,–,235,–,–,–,–,19.2,220.00
238,239,OT,Andrew Eide,–,220,–,–,–,–,–,–,–,–,220.00
239,240,TE,Cole Hikutini,261,216,118,–,234,274,–,–,–,61.7,220.60
240,241,RB,Corey Clement,266,168,207,–,246,–,–,–,–,43.4,221.75
241,242,ED,Jeremiah Ledbetter,155,249,167,–,326,213,–,–,–,69.2,222.00
242,243,CB,DeAndre Scott,–,–,–,–,–,223,–,–,–,–,223.00
243,244,OG,Josh Boutte,–,–,–,–,–,224,–,–,–,–,224.00
244,245,LB,Tanner Vallejo,192,236,255,–,263,178,–,–,–,38.0,224.80
245,246,WR,Robert Davis,234,285,178,–,193,234,–,–,–,41.8,224.80
246,247,IDL,Jelani Hamilton,–,226,–,–,–,–,–,–,–,–,226.00
247,248,ED,Noble Nwachukwu,194,349,257,–,110,–,–,–,–,100.9,227.50
248,249,OT,Robert Leff,–,–,–,–,325,130,–,–,–,137.9,227.50
249,250,IDL,Adam Butler,–,–,–,–,–,228,–,–,–,–,228.00
250,251,K,Zane Gonzalez,151,205,321,–,237,–,–,–,–,71.2,228.50
251,252,LB,Keith Brown,–,–,–,–,–,229,–,–,–,–,229.00
252,253,OT,Avery Gennesy,224,267,248,–,185,–,–,–,–,35.4,231.00
253,254,WR,Isaiah McKenzie,295,251,152,–,226,–,–,–,–,59.9,231.00
254,255,WR,Chad Williams,325,187,213,–,262,168,–,–,–,63.3,231.00
255,256,S,Lano Hill,–,–,–,–,233,–,–,–,–,–,233.00
256,257,WR,Daikiel Shorts Jr.,–,–,–,–,–,233,–,–,–,–,233.00
257,258,QB,C.J. Beathard,226,223,156,–,338,225,–,–,–,65.5,233.60
258,259,ED,Garrett Sickels,239,282,223,–,217,209,–,–,–,29.0,234.00
259,260,CB,Brian Allen,220,142,179,–,401,–,–,–,–,114.8,235.50
260,261,CB,Brandon Wilson,265,–,–,–,206,–,–,–,–,41.7,235.50
261,262,ED,A.J. Jefferson,–,–,238,–,–,–,–,–,–,–,238.00
262,263,TE,Scott Orndoff,–,–,202,–,277,–,–,–,–,53.0,239.50
263,264,WR,Amba Etta-Tawo,264,275,182,–,240,–,–,–,–,41.5,240.25
264,265,IDL,Grover Stewart,247,–,317,–,269,129,–,–,–,79.9,240.50
265,266,WR,Jamari Staples,256,–,251,–,216,–,–,–,–,21.8,241.00
266,267,S,Montae Nicholson,195,255,147,–,369,248,–,–,–,83.0,242.80
267,268,S,Damarius Travis,213,335,212,–,213,–,–,–,–,61.2,243.25
268,269,TE,Antony Auclair,286,–,–,–,201,–,–,–,–,60.1,243.50
269,270,C,J.J Dielman,–,–,–,–,244,–,–,–,–,–,244.00
270,271,TE,Jacob Hollister,–,355,–,–,–,134,–,–,–,156.3,244.50
271,272,IDL,Woody Baron,–,298,–,–,–,193,–,–,–,74.2,245.50
272,273,WR,Trent Taylor,294,277,266,–,267,124,–,–,–,68.9,245.60
273,274,WR,Rodney Adams,190,290,303,–,202,–,–,–,–,58.5,246.25
274,275,WR,Jalen Robinette,253,320,332,–,142,185,–,–,–,82.9,246.40
275,276,LB,Kenneth Olugbode,–,–,–,–,365,128,–,–,–,167.6,246.50
276,277,CB,Ashton Lampkin,244,–,208,–,290,–,–,–,–,41.1,247.33
277,278,ED,Keionta Davis,270,222,120,–,331,294,–,–,–,81.5,247.40
278,279,C,Deyshawn Bond,242,–,–,–,253,–,–,–,–,7.8,247.50
279,280,OT,Justin Senior,321,342,236,–,218,122,–,–,–,88.2,247.80
280,281,CB,Jamal Agnew,–,–,–,–,309,188,–,–,–,85.6,248.50
281,282,OG,Erik Magnuson,354,105,–,–,287,–,–,–,–,128.9,248.67
282,283,LB,Harvey Langi,191,–,265,–,289,251,–,–,–,41.7,249.00
283,284,FB,Marquez Williams,–,291,–,–,207,–,–,–,–,59.4,249.00
284,285,RB,Austin Ekeler,250,–,–,–,–,–,–,–,–,–,250.00
285,286,IDL,DeAngelo Brown,249,231,242,–,397,135,–,–,–,93.9,250.80
286,287,OT,Sam Tevi,–,180,216,–,357,–,–,–,–,93.5,251.00
287,288,IDL,Patrick Gamble,–,248,–,–,–,256,–,–,–,5.7,252.00
288,289,ED,Tashawn Bower,300,244,217,–,251,–,–,–,–,34.6,253.00
289,290,LB,Nick DeLuca,–,254,–,–,–,–,–,–,–,–,254.00
290,291,C,Max Halpin,–,–,–,–,–,254,–,–,–,–,254.00
291,292,OG,Corey Levin,333,253,235,–,288,162,–,–,–,63.7,254.20
292,293,CB,Josh Holsey,–,–,–,–,–,255,–,–,–,–,255.00
293,294,CB,Des Lawrence,304,213,–,–,–,249,–,–,–,45.8,255.33
294,295,IDL,Josh Tupou,273,–,–,–,265,230,–,–,–,22.9,256.00
295,296,RB,Dare Ogunbowale,257,323,222,–,223,–,–,–,–,47.4,256.25
296,297,WR,Fred Ross,251,261,186,–,362,222,–,–,–,65.8,256.40
297,298,CB,Jack Tocho,282,–,–,–,313,176,–,–,–,71.8,257.00
298,299,OT,Dan Skipper,–,198,302,–,271,–,–,–,–,53.4,257.00
299,300,OT,Taylor Gadbois,–,257,–,–,–,–,–,–,–,–,257.00
300,301,LB,Alex Barrett,–,276,–,–,–,238,–,–,–,26.9,257.00
301,302,WR,Jamir Tillman,–,–,–,–,–,257,–,–,–,–,257.00
302,303,RB,Elijah McGuire,310,208,196,–,284,288,–,–,–,51.5,257.20
303,304,IDL,Treyvon Hester,298,260,224,–,294,211,–,–,–,39.6,257.40
304,305,IDL,Nick D'Avanzo,–,–,–,–,–,258,–,–,–,–,258.00
305,306,WR,Keon Hatcher,218,361,299,–,178,236,–,–,–,72.1,258.40
306,307,OT,Jon Heck,–,–,–,–,260,–,–,–,–,–,260.00
307,308,C,Will Kreitler,–,–,–,–,–,260,–,–,–,–,260.00
308,309,ED,Hunter Dimick,248,219,336,–,330,172,–,–,–,71.1,261.00
309,310,ED,Fadol Brown,174,–,304,–,307,–,–,–,–,75.9,261.67
310,311,LB,Paul Magloire,180,185,–,–,420,–,–,–,–,137.1,261.67
311,312,RB,Elijah Hood,252,301,289,–,292,180,–,–,–,49.9,262.80
312,313,WR,Aris Scott,–,–,263,–,–,–,–,–,–,–,263.00
313,314,RB,Rushel Shell,362,–,277,–,152,–,–,–,–,105.6,263.67
314,315,OG,Cameron Lee,245,324,258,–,230,–,–,–,–,41.4,264.25
315,316,CB,Treston Decoud,272,289,245,–,302,217,–,–,–,34.3,265.00
316,317,TE,Hayden Plinke,328,–,–,–,204,–,–,–,–,87.7,266.00
317,318,LB,Ben Boulware,214,243,278,–,337,–,–,–,–,52.9,268.00
318,319,LB,Christian Tago,–,268,–,–,–,–,–,–,–,–,268.00
319,320,OG,Eduardo Middleton,–,–,–,–,–,268,–,–,–,–,268.00
320,321,RB,De'Veon Smith,199,283,231,–,360,–,–,–,–,70.3,268.25
321,322,LB,Charmeachealle Moore,259,264,–,–,282,–,–,–,–,12.1,268.33
322,323,WR,Austin Carr,275,–,–,–,393,137,–,–,–,128.1,268.33
323,324,FB,Sam Rogers,290,225,291,–,273,–,–,–,–,31.0,269.75
324,325,ED,Al-Quadin Muhammad,334,–,230,–,225,290,–,–,–,52.0,269.75
325,326,QB,Dane Evans,–,–,–,–,–,270,–,–,–,–,270.00
326,327,S,Rudy Ford,308,341,134,–,299,–,–,–,–,92.8,270.50
327,328,WR,Tim Patrick,340,–,–,–,–,202,–,–,–,97.6,271.00
328,329,LB,Calvin Munson,277,229,–,–,370,210,–,–,–,71.5,271.50
329,330,S,Nate Gerry,–,305,–,–,238,–,–,–,–,47.4,271.50
330,331,DL,Collin Bevins,291,126,–,–,399,–,–,–,–,137.5,272.00
331,332,LB,Keith Kelsey,–,158,233,–,425,–,–,–,–,137.7,272.00
332,333,TE,Mason Schreck,–,–,–,–,272,–,–,–,–,–,272.00
333,334,CB,Aarion Penton,246,296,–,–,275,–,–,–,–,25.1,272.33
334,335,OT,Jerry Ugokwe,–,269,284,–,264,–,–,–,–,10.4,272.33
335,336,DL,Christian Brown,296,–,–,–,250,–,–,–,–,32.5,273.00
336,337,WR,Gabe Marks,357,232,286,–,286,204,–,–,–,58.8,273.00
337,338,OG,Erik Austell,287,242,311,–,255,–,–,–,–,31.2,273.75
338,339,FB,Freddie Stevenson,311,184,285,–,315,–,–,–,–,61.3,273.75
339,340,P,Matt Haack,274,–,–,–,–,–,–,–,–,–,274.00
340,341,S,Jordan Sterns,–,–,324,–,316,184,–,–,–,78.6,274.67
341,342,LB,James Onwualu,302,245,–,–,278,–,–,–,–,28.6,275.00
342,343,TE,Evan Baylis,–,–,–,–,–,276,–,–,–,–,276.00
343,344,LB,Steven Taylor,206,191,294,–,415,–,–,–,–,102.9,276.50
344,345,LB,Jimmy Gilbert,281,272,–,–,–,–,–,–,–,6.4,276.50
345,346,S,Chuck Clark,237,362,288,–,247,253,–,–,–,51.0,277.40
346,347,OT,Andreas Knappe,–,–,–,–,–,278,–,–,–,–,278.00
347,348,OT,Storm Norton,319,237,–,–,279,–,–,–,–,41.0,278.33
348,349,QB,Cooper Rush,228,304,–,–,318,264,–,–,–,40.7,278.50
349,350,WR,Quincy Adeboyejo,339,266,254,–,256,–,–,–,–,40.5,278.75
350,351,TE,Johnny Mundt,–,–,–,–,–,279,–,–,–,–,279.00
351,352,OT,Jylan Ware,320,306,–,–,212,–,–,–,–,58.7,279.33
352,353,K,Jake Elliott,233,256,329,–,300,–,–,–,–,43.1,279.50
353,354,LB,Hardy Nickerson,276,228,250,–,368,–,–,–,–,61.5,280.50
354,355,LB,Joshua Posley,–,281,–,–,–,–,–,–,–,–,281.00
355,356,OG,Jake Eldrenkamp,–,389,–,–,241,214,–,–,–,94.2,281.33
356,357,S,Kai Nacua,–,–,–,–,–,282,–,–,–,–,282.00
357,358,TE,Billy Brown,–,333,232,–,–,–,–,–,–,71.4,282.50
358,359,WR,Kendrick Bourne,314,–,–,–,252,–,–,–,–,43.8,283.00
359,360,LB,Eric Wilson,–,–,–,–,–,283,–,–,–,–,283.00
360,361,QB,Jerod Evans,227,186,–,–,454,267,–,–,–,118.4,283.50
361,362,S,Mike Tyson,351,–,243,–,311,231,–,–,–,56.9,284.00
362,363,TE,Jason Croom,–,300,270,–,–,–,–,–,–,21.2,285.00
363,364,RB,Devante Mays,–,–,–,–,285,–,–,–,–,–,285.00
364,365,LB,Riley Bullough,279,240,287,–,335,–,–,–,–,39.0,285.25
365,366,RB,Shock Linwood,–,–,–,–,–,286,–,–,–,–,286.00
366,367,QB,Alek Torgersen,313,212,308,–,312,–,–,–,–,49.5,286.25
367,368,CB,Arthur Maulet,305,–,–,–,372,183,–,–,–,95.8,286.67
368,369,LB,Jabari Ruffin,–,288,–,–,–,–,–,–,–,–,288.00
369,370,ED,Dylan Donahue,337,302,320,–,191,295,–,–,–,57.2,289.00
370,371,LB,Marcus Oliver,303,273,227,–,366,280,–,–,–,50.8,289.80
371,372,OT,Levon Myers,322,–,325,–,224,–,–,–,–,57.5,290.33
372,373,C,Cameron Tom,–,183,275,–,413,–,–,–,–,115.8,290.33
373,374,WR,Jerome Lane,293,303,237,–,378,241,–,–,–,57.3,290.40
374,375,WR,Speedy Noil,345,241,211,–,367,–,–,–,–,76.6,291.00
375,376,OT,Dieugot Joseph,–,–,–,–,291,–,–,–,–,–,291.00
376,377,CB,Sojourn Shelton,283,287,280,–,317,–,–,–,–,17.1,291.75
377,378,CB,Breon Borders,–,–,–,–,–,292,–,–,–,–,292.00
378,379,RB,Christopher Carson,360,270,–,–,248,–,–,–,–,59.3,292.67
379,380,LB,Nyeem Wartman-White,–,293,–,–,–,–,–,–,–,–,293.00
380,381,CB,Joshua Holsey,–,–,–,–,293,–,–,–,–,–,293.00
381,382,TE,Blake Jarwin,335,325,282,–,231,–,–,–,–,47.4,293.25
382,383,S,David Jones,284,265,333,–,–,–,–,–,–,35.1,294.00
383,384,TE,Darrell Daniels,262,378,290,–,303,239,–,–,–,52.9,294.40
384,385,WR,Darreus Rogers,369,–,–,–,220,–,–,–,–,105.4,294.50
385,386,WR,Krishawn Hogan,317,–,240,–,328,–,–,–,–,47.9,295.00
386,387,ED,Corey Vereen,–,–,295,–,–,–,–,–,–,–,295.00
387,388,ED,John Stepec,–,–,–,–,–,296,–,–,–,–,296.00
388,389,CB,Justin Thomas,297,–,–,–,–,–,–,–,–,–,297.00
389,390,OG,Evan Goodman,–,–,–,–,297,–,–,–,–,–,297.00
390,391,WR,Jordan Westerkamp,–,–,–,–,351,243,–,–,–,76.4,297.00
391,392,IDL,Kevin Maurice,–,–,–,–,–,297,–,–,–,–,297.00
392,393,CB,Jeremy Clark,238,310,337,–,305,–,–,–,–,42.1,297.50
393,394,S,Fish Smithson,326,–,–,–,270,–,–,–,–,39.6,298.00
394,395,ED,Ja'Von Rolland-Jones,–,–,–,–,–,298,–,–,–,–,298.00
395,396,LB,Pita Taumoepenu,332,286,314,–,268,293,–,–,–,24.9,298.60
396,397,IDL,A.J. Wolf,–,299,–,–,–,–,–,–,–,–,299.00
397,398,ED,Ken Ekanem,361,–,220,–,329,291,–,–,–,60.7,300.25
398,399,WR,James Quick,344,–,239,–,319,–,–,–,–,54.8,300.67
399,400,LB,Ukeme Eligwe,278,271,225,–,455,277,–,–,–,88.7,301.20
400,401,CB,Jeremy Cutrer,288,163,–,–,456,–,–,–,–,147.0,302.33
401,402,WR,Ricky Seals-Jones,157,338,269,–,446,–,–,–,–,121.3,302.50
402,403,OT,Daniel Brunskill,–,–,335,–,394,182,–,–,–,109.4,303.67
403,404,S,Shalom Luani,–,–,252,–,376,284,–,–,–,64.4,304.00
404,405,DL,Dylan Bradley,374,–,–,–,–,235,–,–,–,98.3,304.50
405,406,FB,Anthony Firkser,318,292,–,–,–,–,–,–,–,18.4,305.00
406,407,OT,Brad Seaton,–,391,–,–,219,–,–,–,–,121.6,305.00
407,408,WR,Bug Howard,352,–,183,–,384,–,–,–,–,108.0,306.33
408,409,RB,Aaron Jones,258,239,300,–,452,285,–,–,–,84.5,306.80
409,410,TE,Cethan Carter,–,278,256,–,392,–,–,–,–,73.0,308.67
410,411,IDL,Winston Craig,–,309,–,–,–,–,–,–,–,–,309.00
411,412,OG,Adam Pankey,–,322,331,–,276,–,–,–,–,29.5,309.67
412,413,OT,Cole Croston,323,297,–,–,–,–,–,–,–,18.4,310.00
413,414,ED,Lewis Neal,301,321,301,–,321,–,–,–,–,11.5,311.00
414,415,S,Tony Conner,–,311,–,–,–,–,–,–,–,–,311.00
415,416,CB,Ezra Robinson,289,247,292,–,417,–,–,–,–,73.4,311.25
416,417,S,Jamal Carter,331,312,296,–,306,–,–,–,–,14.7,311.25
417,418,IDL,Chunky Clements,299,330,297,–,333,299,–,–,–,18.2,311.60
418,419,WR,Michael Rector,312,351,221,–,363,–,–,–,–,64.3,311.75
419,420,RB,Stanley Williams,268,–,319,–,349,–,–,–,–,41.0,312.00
420,421,WR,Deangelo Yancey,394,–,194,–,348,–,–,–,–,104.7,312.00
421,422,OG,Greg Pyke,353,–,264,–,320,–,–,–,–,45.0,312.33
422,423,RB,Justin Davis,255,376,–,–,332,289,–,–,–,52.5,313.00
423,424,RB,Tion Green,390,–,–,–,236,–,–,–,–,108.9,313.00
424,425,C,Brandon Kublanow,–,314,–,–,–,–,–,–,–,–,314.00
425,426,OG,Ethan Cooper,327,–,313,–,304,–,–,–,–,11.6,314.67
426,427,OG,Nate Theaker,–,295,293,–,356,–,–,–,–,35.8,314.67
427,428,LB,Tau Lotulelei,315,–,–,–,–,–,–,–,–,–,315.00
428,429,IDL,Aaron Curry,–,315,–,–,–,–,–,–,–,–,315.00
429,430,RB,I'Tavius Mathers,267,334,–,–,373,287,–,–,–,47.7,315.25
430,431,RB,Joe Yearby,348,340,–,–,258,–,–,–,–,49.8,315.33
431,432,WR,Drew Morgan,358,–,330,–,281,300,–,–,–,33.8,317.25
432,433,OG,Ben Braden,–,375,190,–,433,272,–,–,–,108.0,317.50
433,434,RB,Devine Redding,346,377,274,–,274,–,–,–,–,52.1,317.75
434,435,RB,Jahad Thomas,350,345,263,–,314,–,–,–,–,40.0,318.00
435,436,S,Ahmad Thomas,–,–,281,–,355,–,–,–,–,52.3,318.00
436,437,LB,Kevin Davis,–,258,310,–,389,–,–,–,–,66.0,319.00
437,438,DL,Matthew Godin,377,263,–,–,–,–,–,–,–,80.6,320.00
438,439,IDL,Ralph Green III,–,381,–,–,259,–,–,–,–,86.3,320.00
439,440,RB,Taquan Mizzell,366,317,–,–,283,–,–,–,–,41.7,322.00
440,441,LB,Jermaine Grace,–,319,262,–,386,–,–,–,–,62.1,322.33
441,442,WR,David Moore,–,–,–,–,323,–,–,–,–,–,323.00
442,443,WR,Noel Thomas,324,394,316,–,266,–,–,–,–,52.7,325.00
443,444,QB,Zach Terrell,355,–,–,–,358,262,–,–,–,54.6,325.00
444,445,P,Kenny Allen,338,313,–,–,–,–,–,–,–,17.7,325.50
445,446,IDL,Patrick Ricard,–,326,–,–,–,–,–,–,–,–,326.00
446,447,LB,Brooks Ellis,–,294,298,–,388,–,–,–,–,53.2,326.67
447,448,LS,Colin Holba,–,–,–,–,327,–,–,–,–,–,327.00
448,449,QB,Nick Mullens,–,–,–,–,418,237,–,–,–,128.0,327.50
449,450,OG,Kyle Kalis,330,–,273,–,380,–,–,–,–,53.5,327.67
450,451,WR,Zach Pascal,368,366,215,–,364,–,–,–,–,75.5,328.25
451,452,C,Jay Guillermo,–,329,–,–,–,–,–,–,–,–,329.00
452,453,WR,Kermit Whitfield,292,352,323,–,350,–,–,–,–,28.1,329.25
453,454,WR,Bobo Wilson,349,–,–,–,310,–,–,–,–,27.6,329.50
454,455,S,Demetrious Cox,–,354,305,–,–,–,–,–,–,34.6,329.50
455,456,QB,Bart Houston,–,331,–,–,–,–,–,–,–,–,331.00
456,457,FB,Prescott Line,384,279,–,–,–,–,–,–,–,74.2,331.50
457,458,TE,Pharaoh Brown,371,339,334,–,396,221,–,–,–,67.1,332.20
458,459,P,Justin Vogel,329,336,318,–,353,–,–,–,–,14.7,334.00
459,460,WR,Keevan Lucas,370,308,283,–,375,–,–,–,–,45.7,334.00
460,461,IDL,Jordan Carrell,–,–,–,–,334,–,–,–,–,–,334.00
461,462,IDL,Josh Banks,–,337,–,–,–,–,–,–,–,–,337.00
462,463,FB,Alexander Armah,–,–,–,–,339,–,–,–,–,–,339.00
463,464,LB,Richie Brown,–,284,–,–,395,–,–,–,–,78.5,339.50
464,465,CB,Greg Mabin,306,–,–,–,374,–,–,–,–,48.1,340.00
465,466,LB,Aaron Cooper,–,–,–,–,340,–,–,–,–,–,340.00
466,467,C,Anthony McMeans,–,–,–,–,419,261,–,–,–,111.7,340.00
467,468,WR,Tim White,341,–,–,–,–,–,–,–,–,–,341.00
468,469,FB,Emmanuel Holder,364,318,–,–,–,–,–,–,–,32.5,341.00
469,470,WR,Victor Bolden,356,–,327,–,–,–,–,–,–,20.5,341.50
470,471,OG,Zack Johnson,–,–,–,–,342,–,–,–,–,–,342.00
471,472,IDL,Joey Ivie,376,348,–,–,428,219,–,–,–,88.9,342.75
472,473,WR,Derek Griffin,343,–,–,–,343,–,–,–,–,0.0,343.00
473,474,CB,Cole Luke,379,–,307,–,–,–,–,–,–,50.9,343.00
474,475,OG,Tyler Catalina,–,343,–,–,–,–,–,–,–,–,343.00
475,476,WR,Trey Griffey,392,–,–,–,296,–,–,–,–,67.9,344.00
476,477,OG,Caleb Peterson,–,–,279,–,409,–,–,–,–,91.9,344.00
477,478,K,Nick Weiler,–,–,–,–,345,–,–,–,–,–,345.00
478,479,P,Cameron Johnston,342,386,272,–,382,–,–,–,–,52.9,345.50
479,480,WR,Greg Ward Jr.,359,332,–,–,–,–,–,–,–,19.1,345.50
480,481,C,Joe Scelfo,–,–,–,–,346,–,–,–,–,–,346.00
481,482,IDL,Josh Toupu,–,347,–,–,–,–,–,–,–,–,347.00
482,483,OG,Gavin Andrews,–,–,–,–,347,–,–,–,–,–,347.00
483,484,TE,Brandon Barnes,–,388,–,–,308,–,–,–,–,56.6,348.00
484,485,RB,William Stanback,–,350,–,–,–,–,–,–,–,–,350.00
485,486,RB,Khalfani Muhammad,–,387,–,–,322,–,–,–,–,46.0,354.50
486,487,OG,Kofi Amichia,–,360,–,–,–,–,–,–,–,–,360.00
487,488,CB,Derrick Jones,–,–,–,–,381,–,–,–,–,–,381.00
488,489,DB,Adrian Colbert,–,–,–,–,391,–,–,–,–,–,391.00
489,490,S,Leon McQuay III,336,–,–,–,449,–,–,–,–,79.9,392.50
490,491,ED,Pat O'Connor,–,–,–,–,447,–,–,–,–,–,447.00
491,492,K,Harrison Butker,–,–,–,–,458,–,–,–,–,–,458.00
